sp19-cs423-001.cs.illinois.edu,aac2
sp19-cs423-002.cs.illinois.edu,aklutz2
sp19-cs423-003.cs.illinois.edu,ayushr2
sp19-cs423-004.cs.illinois.edu,baohez2
sp19-cs423-005.cs.illinois.edu,bcongdo2
sp19-cs423-006.cs.illinois.edu,cgellis2
sp19-cs423-007.cs.illinois.edu,chengd2
sp19-cs423-008.cs.illinois.edu,chenkai3
sp19-cs423-009.cs.illinois.edu,crwllms2
sp19-cs423-010.cs.illinois.edu,dillonh2
sp19-cs423-011.cs.illinois.edu,dongxin2
sp19-cs423-012.cs.illinois.edu,ericdl2
sp19-cs423-013.cs.illinois.edu,espino2
sp19-cs423-014.cs.illinois.edu,fziyan2
sp19-cs423-015.cs.illinois.edu,gaj3
sp19-cs423-016.cs.illinois.edu,galusza2
sp19-cs423-017.cs.illinois.edu,glennt2
sp19-cs423-018.cs.illinois.edu,hengzhe2
sp19-cs423-019.cs.illinois.edu,hetianh2
sp19-cs423-020.cs.illinois.edu,hg5
sp19-cs423-021.cs.illinois.edu,jameswk2
sp19-cs423-022.cs.illinois.edu,jsstein3
sp19-cs423-023.cs.illinois.edu,jturle2
sp19-cs423-024.cs.illinois.edu,jyang223
sp19-cs423-025.cs.illinois.edu,jz49
sp19-cs423-026.cs.illinois.edu,jzhu62
sp19-cs423-027.cs.illinois.edu,kechenl3
sp19-cs423-028.cs.illinois.edu,kille2
sp19-cs423-029.cs.illinois.edu,landao2
sp19-cs423-030.cs.illinois.edu,lujin2
sp19-cs423-031.cs.illinois.edu,mashaik2
sp19-cs423-032.cs.illinois.edu,maximkp2
sp19-cs423-033.cs.illinois.edu,mcthoma3
sp19-cs423-034.cs.illinois.edu,mjb2
sp19-cs423-035.cs.illinois.edu,mlawson4
sp19-cs423-036.cs.illinois.edu,nnytko2
sp19-cs423-037.cs.illinois.edu,pgc2
sp19-cs423-038.cs.illinois.edu,qputnam2
sp19-cs423-039.cs.illinois.edu,rnai2
sp19-cs423-040.cs.illinois.edu,rohita2
sp19-cs423-041.cs.illinois.edu,ruester2
sp19-cs423-042.cs.illinois.edu,ruilan2
sp19-cs423-043.cs.illinois.edu,rwendel2
sp19-cs423-044.cs.illinois.edu,saransh2
sp19-cs423-045.cs.illinois.edu,sg2
sp19-cs423-046.cs.illinois.edu,shaoqin2
sp19-cs423-047.cs.illinois.edu,shunhan2
sp19-cs423-048.cs.illinois.edu,shusong2
sp19-cs423-049.cs.illinois.edu,taipeng2
sp19-cs423-050.cs.illinois.edu,tianc2
sp19-cs423-051.cs.illinois.edu,tlai10
sp19-cs423-052.cs.illinois.edu,weiked2
sp19-cs423-053.cs.illinois.edu,weiren2
sp19-cs423-054.cs.illinois.edu,xiaoluq2
sp19-cs423-055.cs.illinois.edu,xtang27
sp19-cs423-056.cs.illinois.edu,xy21
sp19-cs423-057.cs.illinois.edu,yajouwu2
sp19-cs423-058.cs.illinois.edu,yd10
sp19-cs423-059.cs.illinois.edu,younand2
sp19-cs423-060.cs.illinois.edu,yshen47
sp19-cs423-061.cs.illinois.edu,yuguang2
sp19-cs423-062.cs.illinois.edu,yutang2
sp19-cs423-063.cs.illinois.edu,yzhu73
sp19-cs423-064.cs.illinois.edu,zhihanc3
sp19-cs423-065.cs.illinois.edu,zz40
,
,
,
,
,
,
,
,
,
,
,
,
,
,
,
,
,
,
,
,
,
,
,
,
,
,
,
,
,
,
,
,
,
,
,
,
,
,
,
,
,
,
,
,
,
,
,
,
,
,
,
,
,
,
,